# Engine family (not the exact variant - "CFM56", not "CFM56-7B26") for types
# openap does not cover.  openap's 37 airliners get theirs automatically, with
# everything after the first "-" stripped off.  Blank simply prints nothing.
icao,engine
# --- airliners / regionals openap lacks ---
A306,CF6
A310,CF6
A332,Trent 700
A339,Trent 7000
A35K,Trent XWB
A342,CFM56
A345,Trent 500
A346,Trent 500
A124,D-18T
A225,D-18T
A400,TP400
B712,BR715
B722,JT8D
B732,JT8D
B733,CFM56
B735,CFM56
B736,CFM56
B741,JT9D
B742,JT9D
B743,JT9D
B74D,PW4000
B74S,JT9D
B753,RB211
B762,CF6
B764,CF6
B77L,GE90
B778,GE9X
B779,GE9X
B78X,Trent 1000
BCS1,PW1500G
BCS3,PW1500G
E110,PT6A
E120,PW118
E135,AE3007
E175,CF34
E75S,CF34
E290,PW1900G
E295,PW1900G
E50P,PW600F
E55P,PW500
E545,HTF7500
E550,HTF7500
E35L,AE3007
MD11,CF6
MD81,JT8D
MD82,JT8D
MD83,JT8D
MD87,JT8D
MD88,JT8D
MD90,V2500
RJ85,LF507
RJ1H,LF507
B462,ALF502
B463,LF507
CRJ1,CF34
CRJ2,CF34
CRJ7,CF34
CRJX,CF34
F70,Tay
F100,Tay
F28,Spey
SU95,SaM146
AJ27,CF34
T154,D-30KU
T204,PS-90A
IL76,D-30KP
YK42,D-36
AN12,AI-20
AN24,AI-24
AN26,AI-24
AN72,D-36
# --- turboprops ---
AT43,PW120
AT45,PW120
AT46,PW127
AT72,PW120
AT75,PW127
AT76,PW127
DH8A,PW120
DH8B,PW120
DH8C,PW120
DH8D,PW150A
DHC2,R-985
DHC6,PT6A
DHC7,PT6A
DHC5,CT64
SF34,CT7
SB20,AE2100
D228,TPE331
D328,PW119
J328,PW306
JS31,TPE331
JS32,TPE331
JS41,TPE331
SW3,TPE331
SW4,TPE331
L410,M601
BE20,PT6A
B190,PT6A
B190C,PT6A
B190D,PT6A
B350,PT6A
C208,PT6A
C212,TPE331
C295,PW127
C27J,AE2100
C130,T56
P3,T56
PC12,PT6A
PC21,PT6A
TBM7,PT6A
TBM8,PT6A
TBM9,PT6A
P180,PT6A
C441,TPE331
C425,PT6A
AC90,TPE331
AC95,TPE331
P46T,PT6A
AT25,PT6A
GA8,IO-540
# --- business jets ---
GLF4,Tay
GLF5,BR710
GLEX,BR710
GL5T,BR710
GL7T,Passport
CL30,HTF7000
CL35,HTF7000
CL60,CF34
FA7X,PW300
FA8X,PW300
FA50,TFE731
F900,TFE731
F2TH,PW300
FA20,CF700
C25A,FJ44
C25B,FJ44
C25C,FJ44
C500,JT15D
C510,PW600F
C525,FJ44
C560,JT15D
C56X,PW500
C650,TFE731
C680,PW300
C68A,PW300
C700,HTF7700
C750,AE3007
H25A,Viper
H25B,TFE731
PRM1,FJ44
LJ35,TFE731
LJ45,TFE731
LJ60,PW300
LJ75,TFE731
BE40,JT15D
EA50,PW600F
PC24,FJ44
# --- piston GA ---
C152,O-235
C162,O-200
C172,IO-360
C72R,O-360
C177,IO-360
C182,IO-540
C206,IO-540
C210,IO-520
C310,IO-470
C337,IO-360
C402,TSIO-520
C414,TSIO-520
C421,GTSIO-520
PA18,O-320
PA22,O-320
PA23,IO-540
PA24,IO-540
P28A,O-320
P28B,O-540
P28R,IO-360
P28T,TSIO-360
PA30,IO-320
PA31,TIO-540
P32R,IO-540
P32T,TIO-540
PA34,TSIO-360
PA44,O-360
PA46,TIO-540
M20P,IO-360
M20T,TSIO-550
BE33,IO-470
BE35,IO-470
BE36,IO-550
BE55,IO-470
BE58,IO-550
BE76,O-360
BE95,IO-320
B36T,IO-550
DA20,IO-240
DA40,IO-360
DA42,AE300
DA62,AE330
SR20,IO-390
SR22,IO-550
DR40,O-360
AA5,O-360
RV6,O-320
RV7,IO-360
RV8,IO-360
RV9,O-320
RV10,IO-540
RV14,IO-390
BL8,O-320
CT4,IO-360
SONX,AeroVee
P68,IO-360
# --- helicopters ---
A109,PW200
A119,250-C20
A139,PT6C
A169,PW210
AS32,Makila
AS35,Arriel
AS50,Arriel
AS55,250-C20
AS65,Arriel
EC20,Arrius
EC25,Makila
EC30,Arriel
EC35,Arrius
EC45,Arriel
EC55,Arriel
EC75,PT6C
H500,250-C20
B06,250-C20
B47G,VO-435
B212,PT6T
B214,T55
B412,PT6T
B429,PW200
B430,250-C40
R22,O-320
R44,O-540
R66,RR300
S76,Arriel
S92,CT7
S61,CT58
S64,T73
UH60,T700
MI8,TV3-117
MI17,TV3-117
KA32,TV3-117
# --- fast jets ---
F16,F110
F15,F100
F18,F404
F22,F119
F35,F135
T38,J85
HAWK,Adour
PC9,PT6A
C17,F117
C5M,F138
E3TF,TF33
K35R,CFM56
P8,CFM56
KC30,Trent 700
